adorable,1
endearing,1
lovely,1
lovable,1
loveable,1
angelic,1
angelical,1
cherubic,1
seraphic,1
sweet,1
cuddlesome,1
cuddly,1
hateful,-1
abominable,-1
detestable,-1
execrable,-1
odious,-1
unlovable,-1
adventurous,1
adventuresome,1
audacious,1
daring,1
venturesome,1
venturous,1
sporting,1
swaggering,1
swashbuckling,1
unadventurous,-1
safe,-1
agreeable,1
disagreeable,-1
annoying,-1
bothersome,-1
galling,-1
irritating,-1
nettlesome,-1
pesky,-1
pestering,-1
pestiferous,-1
plaguy,-1
plaguey,-1
teasing,-1
vexatious,-1
vexing,-1
dreadful,-1
harsh,-1
abrasive,-1
nerve-racking,-1
nerve-wracking,-1
stressful,-1
trying,-1
unsweet,-1
alive,1
live,1
liveborn,1
viable,1
vital,1
dead,-1
asleep,-1
at_peace,-1
at_rest,-1
deceased,-1
departed,-1
gone,-1
assassinated,-1
bloodless,-1
exsanguine,-1
exsanguinous,-1
brain_dead,-1
breathless,-1
inanimate,-1
pulseless,-1
cold,-1
d.o.a.,-1
deathlike,-1
deathly,-1
defunct,-1
doomed,-1
executed,-1
fallen,-1
late(a),-1
lifeless,-1
exanimate,-1
murdered,-1
nonviable,-1
slain,-1
stillborn,-1
stone-dead,-1
amused,1
diverted,1
entertained,1
pleased,1
bucked_up,1
encouraged,1
chuffed,1
delighted,1
gratified,1
displeased,-1
annoyed,-1
irritated,-1
miffed,-1
nettled,-1
peeved,-1
pissed,-1
pissed_off,-1
riled,-1
roiled,-1
steamed,-1
stung,-1
exasperated,-1
cheesed_off,-1
browned_off,-1
disgusted,-1
fed_up,-1
sick,-1
sick_of,-1
tired_of,-1
frowning,-1
offended,-1
pained,-1
injured,-1
attractive,1
bewitching,1
captivating,1
enchanting,1
enthralling,1
entrancing,1
fascinating,1
charismatic,1
magnetic,1
cunning,1
cute,1
dinky,1
engaging,1
piquant,1
fetching,1
taking,1
winning,1
glossy,1
showy,1
hypnotic,1
mesmeric,1
mesmerizing,1
spellbinding,1
irresistible,1
personable,1
photogenic,1
prepossessing,1
winsome,1
unattractive,-1
homely,-1
plain,-1
subfusc,-1
unprepossessing,-1
unpresentable,-1
beautiful,1
beauteous,1
bonny,1
bonnie,1
comely,1
fair,1
sightly,1
dishy,1
exquisite,1
fine-looking,1
good-looking,1
better-looking,1
handsome,1
well-favored,1
well-favoured,1
glorious,1
resplendent,1
splendid,1
splendiferous,1
gorgeous,1
lovely,1
picturesque,1
pretty,1
pretty-pretty,1
pulchritudinous,1
ravishing,1
scenic,1
stunning,1
ugly,-1
disfigured,-1
evil-looking,-1
fugly,-1
grotesque,-1
monstrous,-1
hideous,-1
repulsive,-1
ill-favored,-1
ill-favoured,-1
scrofulous,-1
unlovely,-1
unpicturesque,-1
unsightly,-1
better,1
best,1
advisable,1
well(p),1
inadvisable,-1
unadvisable,-1
blushful,1
blushing,1
red-faced,1
discomposed,1
abashed,1
chagrined,1
embarrassed,1
bothered,1
daunted,1
fazed,1
discombobulated,1
disconcerted,1
flustered,1
hot_and_bothered,1
perturbed,1
rattled,1
unstrung,1
composed,-1
calm,-1
unagitated,-1
serene,-1
tranquil,-1
imperturbable,-1
unflappable,-1
collected,-1
equanimous,-1
poised,-1
self-collected,-1
self-contained,-1
self-possessed,-1
cool,-1
coolheaded,-1
nerveless,-1
unflurried,-1
unflustered,-1
unperturbed,-1
unruffled,-1
brainy,1
brilliant,1
smart_as_a_whip,1
intelligent,1
agile,1
nimble,1
apt,1
clever,1
bright,1
smart,1
natural,1
born,1
innate,1
quick,1
ready,1
prehensile,1
scintillating,1
searching,1
trenchant,1
unintelligent,-1
stupid,-1
brainless,-1
headless,-1
audacious,1
brave,1
dauntless,1
fearless,1
hardy,1
intrepid,1
unfearing,1
bold,1
daredevil,1
temerarious,1
emboldened,1
foolhardy,1
heady,1
rash,1
reckless,1
heroic,1
heroical,1
nervy,1
overreaching,1
vaulting,1
overvaliant,1
timid,-1
bashful,-1
coy,-1
fearful,-1
timorous,-1
trepid,-1
intimidated,-1
mousy,-1
mousey,-1
bright,1
hopeful,1
promising,1
auspicious,1
fortunate,1
rosy,1
inauspicious,-1
unfortunate,-1
unpromising,-1
calm,1
placid,1
quiet,1
still,1
tranquil,1
smooth,1
unruffled,1
settled,1
windless,1
stormy,-1
angry,-1
furious,-1
raging,-1
tempestuous,-1
wild,-1
billowy,-1
billowing,-1
surging,-1
blustering,-1
blusterous,-1
blustery,-1
boisterous,-1
fierce,-1
rough,-1
blowy,-1
breezy,-1
windy,-1
choppy,-1
dirty,-1
gusty,-1
puffy,-1
squally,-1
thundery,-1
charming,1
magic,1
magical,1
sorcerous,1
witching,1
wizard,1
wizardly,1
supernatural,1
apparitional,1
ghostlike,1
ghostly,1
phantasmal,1
spectral,1
spiritual,1
eerie,1
eldritch,1
weird,1
uncanny,1
unearthly,1
elfin,1
fey,1
marvelous,1
marvellous,1
miraculous,1
metaphysical,1
necromantic,1
nonnatural,1
otherworldly,1
preternatural,1
transcendental,1
talismanic,1
transmundane,1
witchlike,1
natural,-1
physical,-1
cheerful,1
pollyannaish,1
upbeat,1
optimistic,1
bullish,1
rose-colored,1
rosy,1
starry-eyed,1
sanguine,1
sanguineous,1
pessimistic,-1
bearish,-1
demoralized,-1
demoralised,-1
discouraged,-1
disheartened,-1
clean,1
unaddicted,1
addicted,-1
alcoholic,-1
alcohol-dependent,-1
dependent,-1
dependant,-1
drug-addicted,-1
hooked,-1
strung-out,-1
clear,1
crystalline,1
crystal_clear,1
limpid,1
lucid,1
pellucid,1
transparent,1
hyaline,1
hyaloid,1
liquid,1
limpid,1
translucent,1
semitransparent,1
unclouded,1
unfrosted,1
opaque,-1
cloudy,-1
muddy,-1
mirky,-1
murky,-1
turbid,-1
fogged,-1
foggy,-1
frosted,-1
glaucous,-1
lightproof,-1
light-tight,-1
milky,-1
milklike,-1
whitish,-1
semiopaque,-1
solid,-1
clever,1
cunning,1
ingenious,1
adroit,1
clean,1
neat,1
coordinated,1
co-ordinated,1
deft,1
dexterous,1
dextrous,1
handy,1
light-fingered,1
nimble-fingered,1
quick-witted,1
maladroit,-1
bumbling,-1
bungling,-1
butterfingered,-1
ham-fisted,-1
ham-handed,-1
handless,-1
heavy-handed,-1
left-handed,-1
inept,-1
tactless,-1
uncoordinated,-1
unmechanical,-1
nonmechanical,-1
colorful,1
colourful,1
ablaze,1
bright,1
brilliant,1
vivid,1
changeable,1
chatoyant,1
iridescent,1
shot,1
deep,1
rich,1
fluorescent,1
prismatic,1
psychedelic,1
shrill,1
vibrant,1
colorless,-1
colourless,-1
ashen,-1
blanched,-1
bloodless,-1
livid,-1
white,-1
bleached,-1
faded,-1
washed-out,-1
washy,-1
drab,-1
sober,-1
somber,-1
sombre,-1
dulled,-1
greyed,-1
etiolate,-1
etiolated,-1
blanched,-1
lurid,-1
pale,-1
pallid,-1
wan,-1
pasty,-1
pastelike,-1
prefaded,-1
waxen,-1
waxlike,-1
waxy,-1
white,-1
whitened,-1
comfortable,1
comfy,1
cozy,1
cosy,1
snug,1
easy,1
homelike,1
homely,1
homey,1
homy,1
soothing,1
uncomfortable,-1
bad,-1
tough,-1
comfortless,-1
irritating,-1
painful,-1
miserable,-1
wretched,-1
uneasy,-1
warm,-1
accommodative,1
cooperative,1
noncompetitive,1
monopolistic,1
uncompetitive,1
competitive,-1
competitory,-1
agonistic,-1
agonistical,-1
combative,-1
emulous,-1
rivalrous,-1
matched,-1
brave,1
courageous,1
desperate,1
heroic,1
gallant,1
game,1
gamy,1
gamey,1
gritty,1
mettlesome,1
spirited,1
spunky,1
lionhearted,1
stalwart,1
stouthearted,1
undaunted,1
valiant,1
valorous,1
cowardly,-1
fearful,-1
caitiff,-1
chicken,-1
chickenhearted,-1
lily-livered,-1
white-livered,-1
yellow,-1
yellow-bellied,-1
craven,-1
recreant,-1
dastard,-1
dastardly,-1
faint,-1
fainthearted,-1
timid,-1
faint-hearted,-1
funky,-1
poltroon,-1
pusillanimous,-1
poor-spirited,-1
unmanly,-1
cute,1
precious,1
artful,1
crafty,1
cunning,1
dodgy,1
foxy,1
guileful,1
knavish,1
slick,1
sly,1
tricksy,1
tricky,1
wily,1
designing,1
scheming,1
deep,1
elusive,1
manipulative,1
pawky,1
artless,-1
careless,-1
delightful,1
delicious,1
pleasing,1
admirable,1
charming,1
easy,1
fabulous,1
fab,1
good,1
gratifying,1
sweet,1
ingratiating,1
sweet,1
displeasing,-1
disconcerting,-1
upsetting,-1
exasperating,-1
infuriating,-1
maddening,-1
vexing,-1
off-putting,-1
compulsive,1
determined,1
driven,1
ambitious,1
pushful,1
pushy,1
aspirant,1
aspiring,1
wishful,1
manque,1
would-be,1
overambitious,1
unambitious,-1
ambitionless,-1
shiftless,-1
eager,1
anxious,1
dying,1
hot,1
impatient,1
raring,1
overeager,1
uneager,-1
reluctant,-1
elated,1
gleeful,1
joyful,1
jubilant,1
joyous,1
ecstatic,1
enraptured,1
rapturous,1
rapt,1
rhapsodic,1
gay,1
festal,1
festive,1
merry,1
gay,1
jocund,1
jolly,1
jovial,1
merry,1
mirthful,1
joyless,-1
funereal,-1
sepulchral,-1
mirthless,-1
unsmiling,-1
elegant,1
dandified,1
dandyish,1
foppish,1
deluxe,1
de_luxe,1
luxe,1
fine,1
high-class,1
high-toned,1
exquisite,1
recherche,1
ritzy,1
soigne,1
soignee,1
inelegant,-1
gauche,-1
graceless,-1
unpolished,-1
homely,-1
encouraging,1
exhortative,1
exhortatory,1
hortative,1
hortatory,1
heartening,1
inspiriting,1
promotive,1
rallying,1
discouraging,-1
daunting,-1
intimidating,-1
demoralizing,-1
demoralising,-1
disheartening,-1
dispiriting,-1
frustrating,-1
unencouraging,-1
energetic,1
physical,1
alert,1
brisk,1
lively,1
merry,1
rattling,1
snappy,1
spanking,1
zippy,1
canty,1
driving,1
high-energy,1
indefatigable,1
tireless,1
unflagging,1
unwearying,1
strenuous,1
vigorous,1
lethargic,-1
unenergetic,-1
dazed,-1
foggy,-1
groggy,-1
logy,-1
stuporous,-1
dreamy,-1
lackadaisical,-1
languid,-1
languorous,-1
listless,-1
enthusiastic,1
ardent,1
warm,1
avid,1
zealous,1
crazy,1
wild,1
dotty,1
gaga,1
evangelical,1
evangelistic,1
glowing,1
gung_ho,1
overenthusiastic,1
unenthusiastic,-1
cold,-1
halfhearted,-1
half-hearted,-1
tepid,-1
lukewarm,-1
excited,1
aflutter,1
nervous,1
agog,1
crazy,1
fevered,1
intoxicated,1
drunk,1
overexcited,1
stimulated,1
stirred,1
stirred_up,1
aroused,1
teased,1
titillated,1
thrilled,1
thrillful,1
unexcited,-1
honest,1
fair,1
equitable,1
just,1
evenhanded,1
inequitable,-1
unjust,-1
faithful,1
true_to(p),1
unfaithful,-1
adulterous,-1
cheating,-1
two-timing,-1
celebrated,1
famed,1
far-famed,1
famous,1
illustrious,1
notable,1
noted,1
renowned,1
known,1
best-known,1
better-known,1
identified,1
legendary,1
proverbial,1
well-known,1
unknown,-1
chartless,-1
uncharted,-1
unmapped,-1
little-known,-1
unbeknown,-1
unbeknownst,-1
undiagnosed,-1
undiscovered,-1
unexplored,-1
unheard-of,-1
unidentified,-1
fancy,1
aureate,1
florid,1
flamboyant,1
baroque,1
churrigueresque,1
churrigueresco,1
busy,1
fussy,1
dressy,1
crackle,1
damascene,1
damask,1
elaborate,1
luxuriant,1
embattled,1
battlemented,1
castled,1
castellated,1
fanciful,1
fantastic,1
lacy,1
lacelike,1
puff,1
puffed,1
rococo,1
vermicular,1
vermiculate,1
vermiculated,1
plain,-1
austere,-1
severe,-1
stark,-1
stern,-1
bare,-1
mere,-1
simple,-1
chaste,-1
dry,-1
dry,-1
featureless,-1
homely,-1
inelaborate,-1
unelaborate,-1
literal,-1
simple,-1
tailored,-1
trim,-1
vanilla,-1
antic,1
fantastic,1
fantastical,1
grotesque,1
strange,1
unusual,1
crazy,1
curious,1
funny,1
odd,1
peculiar,1
queer,1
rum,1
rummy,1
singular,1
eerie,1
eery,1
exotic,1
freaky,1
gothic,1
oddish,1
other,1
quaint,1
quaint,1
weird,1
familiar,-1
common,-1
usual,-1
garden,-1
everyday,-1
friendly,1
affable,1
amiable,1
cordial,1
genial,1
chummy,1
matey,1
pally,1
palsy-walsy,1
companionate,1
comradely,1
hail-fellow,1
hail-fellow-well-met,1
couthie,1
couthy,1
cozy,1
intimate,1
informal,1
neighborly,1
neighbourly,1
social,1
unfriendly,-1
beetle-browed,-1
scowling,-1
chilly,-1
uncordial,-1
unneighborly,-1
unneighbourly,-1
amusing,1
comic,1
comical,1
funny,1
laughable,1
mirthful,1
risible,1
humorous,1
humourous,1
bantering,1
facetious,1
tongue-in-cheek,1
buffoonish,1
clownish,1
clownlike,1
zany,1
droll,1
dry,1
ironic,1
ironical,1
wry,1
farcical,1
ludicrous,1
ridiculous,1
Gilbertian,1
hilarious,1
screaming,1
uproarious,1
jesting,1
jocose,1
jocular,1
joking,1
killing,1
sidesplitting,1
seriocomic,1
seriocomical,1
slapstick,1
tragicomic,1
tragicomical,1
waggish,1
witty,1
humorless,-1
humourless,-1
unhumorous,-1
sobersided,-1
po-faced,-1
unfunny,-1
easy,1
gentle,1
gradual,1
sloping,1
steep,-1
abrupt,-1
precipitous,-1
sharp,-1
bluff,-1
bold,-1
sheer,-1
heavy,-1
perpendicular,-1
steepish,-1
steep-sided,-1
talented,1
gifted,1
untalented,-1
talentless,-1
glamorous,1
glamourous,1
exciting,1
breathless,1
breathtaking,1
elating,1
exhilarating,1
electric,1
galvanic,1
galvanizing,1
galvanising,1
electrifying,1
thrilling,1
heady,1
intoxicating,1
titillating,1
tickling,1
tingling,1
titillating,1
unexciting,-1
commonplace,-1
humdrum,-1
prosaic,-1
unglamorous,-1
unglamourous,-1
uninspired,-1
tame,-1
agleam,1
gleaming,1
nitid,1
bright,1
aglow,1
lambent,1
lucent,1
luminous,1
aglitter,1
coruscant,1
fulgid,1
glinting,1
glistering,1
glittering,1
glittery,1
scintillant,1
scintillating,1
sparkly,1
beady,1
beadlike,1
buttony,1
buttonlike,1
beaming,1
beamy,1
effulgent,1
radiant,1
refulgent,1
blazing,1
blinding,1
dazzling,1
fulgent,1
glaring,1
glary,1
bright_as_a_new_penny(p),1
brilliant,1
ardent,1
glimmery,1
glistening,1
glossy,1
lustrous,1
sheeny,1
shiny,1
shining,1
iridescent,1
nacreous,1
opalescent,1
opaline,1
pearlescent,1
lurid,1
noctilucent,1
satiny,1
sleek,1
silken,1
silky,1
silklike,1
slick,1
self-luminous,1
shimmery,1
silver,1
silvern,1
silvery,1
twinkling(a),1
dull,-1
flat,-1
mat,-1
matt,-1
matte,-1
matted,-1
lackluster,-1
lacklustre,-1
lusterless,-1
lustreless,-1
soft,-1
subdued,-1
glorious,1
bright,1
celebrated,1
historied,1
storied,1
divine,1
elysian,1
inspired,1
empyreal,1
empyrean,1
sublime,1
illustrious,1
incandescent,1
lustrous,1
inglorious,-1
obscure,-1
unknown,-1
unsung,-1
good,1
bang-up,1
bully,1
corking,1
cracking,1
dandy,1
great,1
groovy,1
keen,1
neat,1
nifty,1
not_bad,1
peachy,1
slap-up,1
swell,1
smashing,1
old,1
good_enough,1
goodish,1
hot,1
redeeming(a),1
satisfactory,1
acceptable,1
decent,1
solid,1
superb,1
well-behaved,1
well_behaved,1
bad,-1
atrocious,-1
abominable,-1
awful,-1
dreadful,-1
painful,-1
terrible,-1
unspeakable,-1
corked,-1
corky,-1
deplorable,-1
distressing,-1
lamentable,-1
pitiful,-1
sad,-1
sorry,-1
fearful,-1
frightful,-1
hard,-1
tough,-1
hopeless,-1
horrid,-1
icky,-1
crappy,-1
lousy,-1
rotten,-1
shitty,-1
stinking,-1
stinky,-1
ill,-1
incompetent,-1
unskilled,-1
mediocre,-1
naughty,-1
negative,-1
pretty,-1
rubber,-1
no-good,-1
severe,-1
swingeing,-1
uncool,-1
unsuitable,-1
happy,1
blessed,1
blissful,1
bright,1
golden,1
halcyon,1
prosperous,1
laughing,1
riant,1
unhappy,-1
lovesick,-1
miserable,-1
suffering,-1
wretched,-1
healthy,1
flushed,1
rose-cheeked,1
rosy,1
rosy-cheeked,1
bouncing,1
firm,1
good,1
sound,1
hale,1
whole,1
hearty,1
hearty,1
full-blooded,1
lusty,1
red-blooded,1
anicteric,1
rock-loving,1
rubicund,1
ruddy,1
florid,1
sanguine,1
sun-loving,1
water-loving,1
well-preserved,1
wholesome,1
unhealthy,-1
angry,-1
arthritic,-1
creaky,-1
rheumatic,-1
rheumatoid,-1
rheumy,-1
asthmatic,-1
wheezing,-1
wheezy,-1
bad,-1
unfit,-1
unsound,-1
blebby,-1
blistery,-1
puffy,-1
intumescent,-1
tumescent,-1
tumid,-1
turgid,-1
bloodshot,-1
cankerous,-1
ulcerated,-1
ulcerous,-1
carbuncled,-1
carbuncular,-1
carious,-1
caseous,-1
chilblained,-1
colicky,-1
flatulent,-1
gassy,-1
cytomegalic,-1
dehydrated,-1
diseased,-1
morbid,-1
pathologic,-1
pathological,-1
edematous,-1
dropsical,-1
enlarged,-1
foaming,-1
foamy,-1
frothing,-1
gangrenous,-1
mortified,-1
inflamed,-1
inflammatory,-1
ingrowing,-1
ingrown,-1
jaundiced,-1
icteric,-1
yellow,-1
membranous,-1
membrane-forming,-1
mental,-1
proinflammatory,-1
pro-inflammatory,-1
sallow,-1
sickly,-1
sore-eyed,-1
sunburned,-1
sunburnt,-1
varicose,-1
windburned,-1
windburnt,-1
helpful,1
accommodating,1
adjuvant,1
assistive,1
face-saving,1
facilitative,1
facilitatory,1
implemental,1
instrumental,1
subservient,1
laborsaving,1
laboursaving,1
ministrant,1
reformative,1
reformatory,1
right-hand,1
stabilizing,1
stabilising,1
steadying,1
unhelpful,-1
unaccommodating,-1
unconstructive,-1
kind,1
tolerant,1
forgiving,1
unvindictive,1
unforgiving,-1
revengeful,-1
vindictive,-1
vengeful,-1
lively,1
vital,1
animated,1
alive,1
enlivened,1
spirited,1
reanimated,1
revived,1
unanimated,-1
lifeless,-1
wan,-1
lucky,1
apotropaic,1
hot,1
serendipitous,1
unlucky,-1
luckless,-1
hexed,-1
jinxed,-1
perfect,1
exact,1
direct,1
verbatim,1
literal,1
mathematical,1
photographic,1
rigorous,1
strict,1
inexact,-1
approximate,-1
approximative,-1
rough,-1
free,-1
loose,-1
liberal,-1
odd,-1
round,-1
proud,1
arrogant,1
chesty,1
self-important,1
beaming,1
big,1
swelled,1
vainglorious,1
bigheaded,1
persnickety,1
snooty,1
snot-nosed,1
snotty,1
stuck-up,1
too_big_for_one's_breeches,1
uppish,1
boastful,1
braggart,1
bragging,1
braggy,1
big,1
cock-a-hoop,1
crowing,1
self-aggrandizing,1
self-aggrandising,1
dignified,1
self-respecting,1
self-respectful,1
disdainful,1
haughty,1
imperious,1
lordly,1
overbearing,1
prideful,1
sniffy,1
supercilious,1
swaggering,1
conceited,1
egotistic,1
egotistical,1
self-conceited,1
swollen,1
swollen-headed,1
vain,1
house-proud,1
overproud,1
pleased,1
proud_of,1
purse-proud,1
shabby-genteel,1
humble,-1
broken,-1
crushed,-1
humbled,-1
humiliated,-1
low,-1
meek,-1
mild,-1
modest,-1
aggressive,-1
battleful,-1
bellicose,-1
combative,-1
competitive,-1
militant,-1
hard-hitting,-1
high-pressure,-1
hostile,-1
in-your-face,-1
obstreperous,-1
predatory,-1
rapacious,-1
raptorial,-1
ravening,-1
vulturine,-1
vulturous,-1
pugnacious,-1
rough,-1
scrappy,-1
truculent,-1
unaggressive,1
nonaggressive,1
low-pressure,1
angry,-1
aggravated,-1
provoked,-1
angered,-1
enraged,-1
furious,-1
infuriated,-1
maddened,-1
black,-1
choleric,-1
irascible,-1
hot_under_the_collar(p),-1
huffy,-1
mad,-1
sore,-1
indignant,-1
incensed,-1
outraged,-1
umbrageous,-1
irate,-1
ireful,-1
livid,-1
smoldering,-1
smouldering,-1
wrathful,-1
wroth,-1
wrothful,-1
unangry(p),1
anxious,-1
nervous,-1
queasy,-1
uneasy,-1
unquiet,-1
troubled,-1
annoyed,-1
harassed,-1
harried,-1
pestered,-1
vexed,-1
buffeted,-1
storm-tossed,-1
tempest-tossed,-1
tempest-tost,-1
tempest-swept,-1
careful,-1
care-laden,-1
heavy-laden,-1
clouded,-1
disquieted,-1
distressed,-1
disturbed,-1
upset,-1
worried,-1
distressed,-1
hard-pressed,-1
hard_put,-1
in_a_bad_way,-1
embattled,-1
fraught,-1
hag-ridden,-1
hagridden,-1
tormented,-1
haunted,-1
mothy,-1
stressed,-1
distressed,-1
struggling,-1
suffering,-1
troublous,-1
untroubled,1
carefree,1
unworried,1
clear,1
dreamless,1
trouble-free,1
unconcerned,1
undisturbed,1
unmolested,1
ashamed(p),-1
discredited,-1
disgraced,-1
dishonored,-1
shamed,-1
embarrassed,-1
humiliated,-1
mortified,-1
guilty,-1
hangdog,-1
shamefaced,-1
shamed,-1
shamefaced,-1
sheepish,-1
unashamed,1
audacious,1
barefaced,1
bodacious,1
bald-faced,1
brassy,1
brazen,1
brazen-faced,1
insolent,1
shameless,1
unblushing,1
unabashed,1
unembarrassed,1
awful,-1
dire,-1
direful,-1
dread,-1
dreaded,-1
dreadful,-1
fearful,-1
fearsome,-1
frightening,-1
horrendous,-1
horrific,-1
terrible,-1
alarming,-1
appalling,-1
dismaying,-1
atrocious,-1
frightful,-1
horrifying,-1
horrible,-1
ugly,-1
baleful,-1
forbidding,-1
menacing,-1
minacious,-1
minatory,-1
ominous,-1
sinister,-1
threatening,-1
bloodcurdling,-1
hair-raising,-1
nightmarish,-1
chilling,-1
scary,-1
shivery,-1
shuddery,-1
creepy,-1
creepy-crawly,-1
formidable,-1
redoubtable,-1
unnerving,-1
ghastly,-1
grim,-1
grisly,-1
gruesome,-1
macabre,-1
sick,-1
hairy,-1
petrifying,-1
stupefying,-1
terrific,-1
terrifying,-1
unalarming,1
blase,-1
bored,-1
uninterested,-1
apathetic,-1
indifferent,-1
dismissive,-1
dulled,-1
benumbed,-1
interested,1
busy,-1
active,-1
brisk,-1
bustling,-1
going(a),-1
open,-1
springy,-1
inactive,1
dark,1
dead,1
dull,1
slow,1
sluggish,1
idle,1
unused,1
strikebound,1
cautious,-1
cagey,-1
cagy,-1
chary,-1
fabian,-1
gingerly,-1
guarded,-1
restrained,-1
overcautious,-1
incautious,1
hotheaded,1
impulsive,1
impetuous,1
madcap,1
tearaway,1
brainish,1
awkward,-1
clumsy,-1
cumbersome,-1
inapt,-1
inept,-1
ill-chosen,-1
infelicitous,-1
unfortunate,-1
felicitous,1
congratulatory,1
gratulatory,1
happy,1
well-chosen,1
well-turned,1
well-wishing(a),1
concerned,-1
afraid,-1
afraid,-1
haunted,-1
obsessed,-1
preoccupied,-1
taken_up,-1
solicitous,-1
unconcerned,1
blase,1
blithe,1
casual,1
insouciant,1
nonchalant,1
degage,1
detached,1
uninvolved,1
indifferent,1
confused,-1
addlebrained,-1
addlepated,-1
puddingheaded,-1
muddleheaded,-1
addled,-1
befuddled,-1
muddled,-1
muzzy,-1
woolly,-1
wooly,-1
woolly-headed,-1
wooly-minded,-1
befogged,-1
befuddled,-1
clouded,-1
dazed,-1
stunned,-1
stupefied,-1
stupid,-1
dazzled,-1
trancelike,-1
punch-drunk,-1
silly,-1
slaphappy,-1
spaced-out,-1
clearheaded,1
clear-thinking,1
clear,1
unclouded,1
brainsick,-1
crazy,-1
demented,-1
disturbed,-1
mad,-1
sick,-1
unbalanced,-1
unhinged,-1
insane,-1
balmy,-1
barmy,-1
bats,-1
batty,-1
bonkers,-1
buggy,-1
cracked,-1
crackers,-1
daft,-1
dotty,-1
fruity,-1
haywire,-1
kooky,-1
kookie,-1
loco,-1
loony,-1
loopy,-1
nuts,-1
nutty,-1
round_the_bend,-1
around_the_bend,-1
wacky,-1
whacky,-1
certifiable,-1
certified,-1
crackbrained,-1
idiotic,-1
crazed,-1
deranged,-1
half-crazed,-1
fey,-1
touched,-1
hebephrenic,-1
lunatic,-1
moonstruck,-1
maniacal,-1
maniac,-1
manic-depressive,-1
maniclike,-1
mentally_ill,-1
unsound,-1
unstable,-1
non_compos_mentis,-1
of_unsound_mind,-1
paranoid,-1
psychopathic,-1
psychopathologic,-1
psychopathological,-1
psychotic,-1
raving_mad,-1
wild,-1
schizophrenic,-1
screw-loose,-1
screwy,-1
sane,1
compos_mentis,1
of_sound_mind,1
in_his_right_mind,1
in_her_right_mind,1
in_their_right_minds,1
lucid,1
barbarous,-1
brutal,-1
cruel,-1
fell,-1
roughshod,-1
savage,-1
vicious,-1
inhumane,-1
beastly,-1
bestial,-1
brute,-1
brutish,-1
brutal,-1
cannibalic,-1
cold,-1
cold-blooded,-1
inhuman,-1
insensate,-1
pitiless,-1
unkind,-1
humane,1
child-centered,1
human-centered,1
human-centred,1
humanist,1
humanistic,1
humanitarian,1
dangerous,-1
grave,-1
grievous,-1
serious,-1
severe,-1
life-threatening,-1
critical,-1
acute,-1
desperate,-1
dire,-1
noncritical,1
noncrucial,1
acritical,1
dark,-1
concealed,-1
bushwhacking,-1
furtive,-1
sneak,-1
sneaky,-1
stealthy,-1
surreptitious,-1
hidden,-1
obscure,-1
hidden,-1
secret,-1
incognito(p),-1
sealed,-1
secret,-1
shady,-1
sneaking,-1
unavowed,-1
unconcealed,1
blatant,1
blazing,1
conspicuous,1
exhibitionistic,1
defeated,-1
licked,-1
subjugated,-1
undefeated,1
triumphant,1
victorious,1
unbeaten,1
unconquered,1
unvanquished,1
unbowed,1
gloomy,-1
grim,-1
blue,-1
depressed,-1
dispirited,-1
down,-1
downcast,-1
downhearted,-1
down_in_the_mouth,-1
low,-1
low-spirited,-1
dejected,-1
amort,-1
chapfallen,-1
chopfallen,-1
crestfallen,-1
deflated,-1
glum,-1
lonely,-1
lonesome,-1
elated,1
exultant,1
exulting,1
jubilant,1
prideful,1
rejoicing,1
triumphal,1
triumphant,1
gladdened,1
exhilarated,1
high,1
in_high_spirits,1
sublime,1
uplifted,1
difficult,-1
hard,-1
ambitious,-1
challenging,-1
arduous,-1
awkward,-1
embarrassing,-1
sticky,-1
unenviable,-1
baffling,-1
elusive,-1
knotty,-1
problematic,-1
problematical,-1
tough,-1
catchy,-1
tricky,-1
delicate,-1
ticklish,-1
touchy,-1
fractious,-1
hard-fought,-1
herculean,-1
nasty,-1
tight,-1
rocky,-1
rough,-1
rugged,-1
tough,-1
serious,-1
tall(a),-1
thorny,-1
troublesome,-1
trying,-1
vexed,-1
easy,1
casual,1
effortless,1
clean,1
cushy,1
soft,1
easygoing,1
elementary,1
simple,1
uncomplicated,1
unproblematic,1
hands-down,1
painless,1
smooth,1
user-friendly,1
disturbed,-1
maladjusted,-1
neurotic,-1
psychoneurotic,-1
abulic,-1
aboulic,-1
compulsive,-1
delusional,-1
hypochondriac,-1
hypochondriacal,-1
hysteric,-1
hysterical,-1
megalomaniacal,-1
megalomanic,-1
monomaniacal,-1
nymphomaniacal,-1
nymphomaniac,-1
obsessional,-1
obsessive,-1
obsessive-compulsive,-1
pathological,-1
phobic,-1
psychosomatic,-1
schizoid,-1
unneurotic,1
together,1
dense,-1
dim,-1
dull,-1
dumb,-1
obtuse,-1
slow,-1
stupid,-1
anserine,-1
dopy,-1
dopey,-1
foolish,-1
goosey,-1
goosy,-1
gooselike,-1
jerky,-1
asinine,-1
fatuous,-1
inane,-1
blockheaded,-1
boneheaded,-1
duncical,-1
duncish,-1
fatheaded,-1
loggerheaded,-1
thick,-1
thickheaded,-1
thick-skulled,-1
wooden-headed,-1
cloddish,-1
doltish,-1
gaumless,-1
gormless,-1
lumpish,-1
lumpen,-1
unthinking,-1
nitwitted,-1
senseless,-1
soft-witted,-1
witless,-1
weak,-1
yokel-like,-1
smart,1
astute,1
sharp,1
shrewd,1
cagey,1
cagy,1
canny,1
clever,1
streetwise,1
street_smart,1
with-it,1
covetous,-1
envious,-1
jealous,-1
desirous,-1
wishful,-1
appetent,-1
athirst,-1
hungry,-1
thirsty,-1
avid,-1
devouring,-1
esurient,-1
greedy,-1
nostalgic,-1
homesick,-1
undesirous,1
undesiring,1
malefic,-1
malevolent,-1
malign,-1
evil,-1
maleficent,-1
baleful,-1
baneful,-1
beneficent,1
benefic,1
expensive,-1
big-ticket,-1
high-ticket,-1
costly,-1
dear,-1
high-priced,-1
pricey,-1
pricy,-1
dearly-won,-1
costly,-1
overpriced,-1
cheap,1
inexpensive,1
bargain-priced,1
cut-rate,1
cut-price,1
catchpenny(a),1
dirt_cheap,1
low-budget,1
low-cost,1
low-priced,1
affordable,1
nickel-and-dime(a),1
sixpenny,1
threepenny,1
twopenny,1
tuppeny,1
two-a-penny,1
twopenny-halfpenny,1
dirty,-1
filthy,-1
lousy,-1
nasty,-1
awful,-1
grotty,-1
hateful,-1
mean,-1
nice,1
good,1
pleasant,1
fragile,-1
delicate,-1
dainty,-1
exquisite,-1
ethereal,-1
gossamer,-1
light-handed,-1
overdelicate,-1
pastel,-1
tender,-1
rugged,1
knockabout,1
sturdy,1
tough,1
delicate,-1
fragile,-1
frail,-1
breakable,-1
brittle,-1
brickle,-1
brickly,-1
crumbly,-1
friable,-1
short,-1
frangible,-1
splintery,-1
unbreakable,1
infrangible,1
shatterproof,1
splinterless,1
splinterproof,1
delirious,-1
excited,-1
frantic,-1
mad,-1
unrestrained,-1
wild,-1
chaotic,-1
disorderly,-1
frenzied,-1
manic,-1
unsubdued,-1
tame,1
subdued,1
frightened,-1
scared,-1
afraid(p),-1
acrophobic,-1
afeard,-1
afeared,-1
aghast,-1
appalled,-1
dismayed,-1
shocked,-1
agoraphobic,-1
alarmed,-1
algophobic,-1
apprehensive,-1
hangdog,-1
claustrophobic,-1
fearful,-1
horrified,-1
horror-stricken,-1
horror-struck,-1
hunted,-1
hydrophobic,-1
aquaphobic,-1
mysophobic,-1
panicky,-1
panicked,-1
panic-stricken,-1
panic-struck,-1
terrified,-1
frightened,-1
numb,-1
terror-stricken,-1
terror-struck,-1
triskaidekaphobic,-1
unnerved,-1
white-lipped,-1
xenophobic,-1
unafraid,1
fearless,1
unapprehensive,1
unblinking,1
unflinching,1
unintimidated,1
unshrinking,1
unfrightened,1
bereaved,-1
bereft,-1
grief-stricken,-1
grieving,-1
mourning,-1
sorrowing,-1
sorrowful,-1
anguished,-1
tormented,-1
tortured,-1
bitter,-1
brokenhearted,-1
heartbroken,-1
heartsick,-1
dolorous,-1
dolourous,-1
lachrymose,-1
tearful,-1
weeping,-1
elegiac,-1
grievous,-1
heartbreaking,-1
heartrending,-1
lamenting,-1
wailing,-1
wailful,-1
lugubrious,-1
mournful,-1
plaintive,-1
sad,-1
woebegone,-1
woeful,-1
joyful,1
beatific,1
overjoyed,1
crabbed,-1
crabby,-1
cross,-1
fussy,-1
grouchy,-1
grumpy,-1
bad-tempered,-1
ill-tempered,-1
ill-natured,-1
atrabilious,-1
bilious,-1
dyspeptic,-1
liverish,-1
bristly,-1
prickly,-1
splenetic,-1
waspish,-1
cantankerous,-1
crotchety,-1
ornery,-1
choleric,-1
irascible,-1
hotheaded,-1
hot-tempered,-1
quick-tempered,-1
short-tempered,-1
churlish,-1
cranky,-1
fractious,-1
irritable,-1
nettlesome,-1
peevish,-1
peckish,-1
pettish,-1
petulant,-1
scratchy,-1
testy,-1
tetchy,-1
techy,-1
crusty,-1
curmudgeonly,-1
gruff,-1
ill-humored,-1
ill-humoured,-1
currish,-1
dark,-1
dour,-1
glowering,-1
glum,-1
moody,-1
morose,-1
saturnine,-1
sour,-1
sullen,-1
disagreeable,-1
huffish,-1
sulky,-1
misanthropic,-1
misanthropical,-1
misogynous,-1
misogynistic,-1
shirty,-1
snorty,-1
shrewish,-1
nagging,-1
snappish,-1
snappy,-1
spoiled,-1
spoilt,-1
surly,-1
ugly,-1
vinegary,-1
vinegarish,-1
good-natured,1
amiable,1
good-humored,1
good-humoured,1
equable,1
even-tempered,1
good-tempered,1
placid,1
helpless,-1
dependent,-1
babelike,-1
interdependent,-1
mutualist,-1
mutually_beneficial,-1
myrmecophilous,-1
parasitic,-1
parasitical,-1
leechlike,-1
bloodsucking,-1
reliant,-1
symbiotic,-1
underage,-1
independent,1
autarkic,1
autarkical,1
autonomous,1
self-directed,1
self-reliant,1
autonomous,1
breakaway,1
fissiparous,1
separatist,1
commutative,1
free-living,1
nonparasitic,1
nonsymbiotic,1
indie,1
individual,1
case-by-case,1
item-by-item,1
self-sufficient,1
self-sufficing,1
self-sustaining,1
self-supporting,1
single-handed,1
strong-minded,1
unaffiliated,1
unconditional,1
dispossessed,-1
homeless,-1
roofless,-1
unfortunate,-1
abject,-1
black,-1
calamitous,-1
disastrous,-1
fatal,-1
fateful,-1
hapless,-1
miserable,-1
misfortunate,-1
pathetic,-1
piteous,-1
pitiable,-1
pitiful,-1
poor,-1
wretched,-1
doomed,-1
ill-fated,-1
ill-omened,-1
ill-starred,-1
unlucky,-1
downtrodden,-1
infelicitous,-1
unhappy,-1
regrettable,-1
too_bad,-1
fortunate,1
better_off(p),1
felicitous,1
happy,1
fortuitous,1
good,1
well,1
heaven-sent,1
providential,1
miraculous,1
lucky,1
well-off,1
hurt,-1
wounded,-1
injured,-1
battle-scarred,-1
black-and-blue,-1
livid,-1
disjointed,-1
dislocated,-1
separated,-1
eviscerate,-1
lacerate,-1
lacerated,-1
mangled,-1
torn,-1
raw,-1
uninjured,1
intact,1
inviolate,1
uncut,1
unharmed,1
unhurt,1
unscathed,1
whole,1
unwounded,1
ill,-1
hostile,-1
aggressive,-1
belligerent,-1
antagonistic,-1
antipathetic,-1
antipathetical,-1
at_loggerheads,-1
bitter,-1
dirty,-1
head-on,-1
opponent,-1
opposing,-1
unfriendly,-1
inimical,-1
amicable,1
friendly,1
well-disposed,1
well_disposed,1
well-meaning,1
unthreatening,1
impossible,-1
hopeless,-1
impracticable,-1
infeasible,-1
unfeasible,-1
unworkable,-1
out(p),-1
unachievable,-1
unattainable,-1
undoable,-1
unrealizable,-1
possible,1
accomplishable,1
achievable,1
doable,1
manageable,1
realizable,1
affirmable,1
assertable,1
attainable,1
come-at-able,1
contingent,1
feasible,1
executable,1
practicable,1
viable,1
workable,1
mathematical,1
itchy,-1
painful,-1
aching,-1
achy,-1
agonized,-1
agonised,-1
agonizing,-1
agonising,-1
excruciating,-1
harrowing,-1
torturing,-1
torturous,-1
torturesome,-1
biting,-1
bitter,-1
chafed,-1
galled,-1
poignant,-1
racking,-1
wrenching,-1
saddle-sore,-1
sensitive,-1
sore,-1
raw,-1
tender,-1
traumatic,-1
painless,1
pain-free,1
unpainful,1
jealous,-1
green-eyed,-1
overjealous,-1
distrustful,-1
cynical,-1
misanthropic,-1
misanthropical,-1
doubting,-1
questioning,-1
skeptical,-1
sceptical,-1
leery,-1
mistrustful,-1
suspicious,-1
untrusting,-1
wary,-1
misogynic,-1
oversuspicious,-1
trustful,1
trusting,1
confiding,1
unsuspecting,1
unsuspicious,1
faineant,-1
indolent,-1
lazy,-1
otiose,-1
slothful,-1
work-shy,-1
idle,-1
bone-idle,-1
bone-lazy,-1
lackadaisical,-1
leisured,-1
unengaged,-1
busy,1
at_work(p),1
drudging,1
laboring,1
labouring,1
toiling,1
engaged,1
occupied,1
overbusy,1
tied_up(p),1
up_to,1
cryptic,-1
cryptical,-1
deep,-1
inscrutable,-1
mysterious,-1
mystifying,-1
inexplicable,-1
incomprehensible,-1
paradoxical,-1
self-contradictory,-1
unaccountable,-1
unexplainable,-1
unexplained,-1
explicable,1
explainable,1
interpretable,1
cruddy,-1
filthy,-1
foul,-1
nasty,-1
smutty,-1
dirty,-1
bawdy,-1
off-color,-1
ribald,-1
blasphemous,-1
blue,-1
profane,-1
dirty-minded,-1
foul-mouthed,-1
foul-spoken,-1
lewd,-1
obscene,-1
raunchy,-1
salacious,-1
scabrous,-1
scatological,-1
clean,1
unobjectionable,1
antiseptic,1
objectionable,-1
obnoxious,-1
offensive,-1
abhorrent,-1
detestable,-1
obscene,-1
repugnant,-1
repulsive,-1
charnel,-1
ghastly,-1
sepulchral,-1
creepy,-1
disgusting,-1
disgustful,-1
distasteful,-1
foul,-1
loathly,-1
loathsome,-1
repellent,-1
repellant,-1
repelling,-1
revolting,-1
skanky,-1
wicked,-1
yucky,-1
ghoulish,-1
morbid,-1
hideous,-1
horrid,-1
horrific,-1
outrageous,-1
rank,-1
scrimy,-1
verminous,-1
inoffensive,1
innocuous,1
unobjectionable,1
selfish,-1
egotistic,-1
egotistical,-1
narcissistic,-1
self-loving,-1
self-serving,-1
self-seeking,-1
unselfish,1
public-spirited,1
self-denying,1
self-giving,1
self-sacrificing,1
self-forgetful,1
sharing,1